Code,Title,Title_to_merge,Rating
https://www.netflix.com/title/80230399,"""Extraction""",extraction,null
https://www.netflix.com/title/81005492,"""Spenser Confidential""",spenser_confidential,38
https://www.netflix.com/title/81001887,"""6 Underground""",6_underground,36
https://www.netflix.com/title/80134513,"""Sleepless""",sleepless,50
https://www.netflix.com/title/80221639,"""The Incredibles 2""",the_incredibles_2,94
https://www.netflix.com/title/80196448,"""Den of Thieves""",den_of_thieves,41
https://www.netflix.com/title/70143241,"""The Croods""",the_croods,71
https://www.netflix.com/title/80198596,"""Arctic Dogs""",arctic_dogs,13
https://www.netflix.com/title/80242619,"""Murder Mystery""",murder_mystery,44
https://www.netflix.com/title/80190284,"""Angel Has Fallen""",angel_has_fallen,39
https://www.netflix.com/title/60010110,"""Back to the Future""",back_to_the_future,96
https://www.netflix.com/title/80192187,"""Triple Frontier""",triple_frontier,72
https://www.netflix.com/title/60001044,"""The Patriot""",the_patriot,null
https://www.netflix.com/title/60031210,"""Underworld""",underworld,31
https://www.netflix.com/title/81194641,"""Code 8""",code_8,76
https://www.netflix.com/title/60029167,"""Bad Boys II""",bad_boys_ii,23
https://www.netflix.com/title/60000396,"""Romeo Must Die""",romeo_must_die,32
https://www.netflix.com/title/70108779,"""2012""",2012,39
https://www.netflix.com/title/70267728,"""Turbo""",turbo,null
https://www.netflix.com/title/80220813,"""Ant-Man and the Wasp""",ant_man_and_the_wasp,88
https://www.netflix.com/title/80198592,"""Armed Response""",armed_response,null
https://www.netflix.com/title/80185765,"""The Foreigner""",the_foreigner,null
https://www.netflix.com/title/80220009,"""Coffee & Kareem""",coffee_and_kareem,20
https://www.netflix.com/title/80182951,"""American Assassin""",american_assassin,null
https://www.netflix.com/title/80119234,"""Bright""",bright,28
https://www.netflix.com/title/20557937,"""The Matrix""",the_matrix,87
https://www.netflix.com/title/70131314,"""Inception""",inception,87
https://www.netflix.com/title/80117824,"""Train to Busan""",train_to_busan,94
https://www.netflix.com/title/70099615,"""Bolt""",bolt,89
https://www.netflix.com/title/60011649,"""Indiana Jones and the Raiders of the Lost Ark""",indiana_jones_and_the_raiders_of_the_lost_ark,95
https://www.netflix.com/title/70097577,"""Hancock""",hancock,41
https://www.netflix.com/title/70270364,"""Snowpiercer""",snowpiercer,94
https://www.netflix.com/title/60020891,"""Blow""",blow,55
https://www.netflix.com/title/80146805,"""What Happened to Monday""",what_happened_to_monday,57
https://www.netflix.com/title/70105369,"""Race to Witch Mountain""",race_to_witch_mountain,42
https://www.netflix.com/title/773843,"""Mortal Kombat""",mortal_kombat,47
https://www.netflix.com/title/80105843,"""Blood Father""",blood_father,89
https://www.netflix.com/title/80232279,"""Gnome Alone""",gnome_alone,null
https://www.netflix.com/title/70020728,"""Kung Fu Hustle""",kung_fu_hustle,90
https://www.netflix.com/title/80988892,"""Next Gen""",next_gen,80
https://www.netflix.com/title/80076698,"""Ip Man 3""",ip_man_3,78
https://www.netflix.com/title/80236421,"""Extinction""",extinction,null
https://www.netflix.com/title/80218306,"""Rim of the World""",rim_of_the_world,23
https://www.netflix.com/title/60010487,"""Indiana Jones and the Last Crusade""",indiana_jones_and_the_last_crusade,88
https://www.netflix.com/title/80200961,"""The Hard Way""",the_hard_way,null
https://www.netflix.com/title/60010488,"""Indiana Jones and the Temple of Doom""",indiana_jones_and_the_temple_of_doom,85
https://www.netflix.com/title/70084799,"""Indiana Jones and the Kingdom of the Crystal Skull""",indiana_jones_and_the_kingdom_of_the_crystal_skull,78
https://www.netflix.com/title/70084788,"""21""",21,null
https://www.netflix.com/title/80215923,"""The Hurricane Heist""",the_hurricane_heist,46
https://www.netflix.com/title/70302844,"""The Pirate Fairy""",the_pirate_fairy,81
https://www.netflix.com/title/80175798,"""The Irishman""",the_irishman,96
https://www.netflix.com/title/80196789,"""Bird Box""",bird_box,63
https://www.netflix.com/title/70117302,"""Dear John""",dear_john,29
https://www.netflix.com/title/80200047,"""The Boy Who Harnessed the Wind""",the_boy_who_harnessed_the_wind,87
https://www.netflix.com/title/70243461,"""The Perks of Being a Wallflower""",the_perks_of_being_a_wallflower,86
https://www.netflix.com/title/80223927,"""Lost Girls""",lost_girls,null
https://www.netflix.com/title/81207271,"""The Reliant""",the_reliant,null
https://www.netflix.com/title/70053462,"""Freedom Writers""",freedom_writers,70
https://www.netflix.com/title/80221560,"""Christopher Robin""",christopher_robin,73
https://www.netflix.com/title/80223371,"""The Guernsey Literary and Potato Peel Pie Society""",the_guernsey_literary_and_potato_peel_pie_society,81
https://www.netflix.com/title/70132721,"""The Social Network""",the_social_network,96
https://www.netflix.com/title/80135164,"""1922""",1922,null
https://www.netflix.com/title/70244164,"""Silver Linings Playbook""",silver_linings_playbook,92
https://www.netflix.com/title/80073823,"""Room""",room,25
https://www.netflix.com/title/81233638,"""Sunrise in Heaven""",sunrise_in_heaven,null
https://www.netflix.com/title/80057599,"""Legend""",legend,38
https://www.netflix.com/title/70112732,"""Julie & Julia""",julie_and_julia,77
https://www.netflix.com/title/80994011,"""The Laundromat""",the_laundromat,42
https://www.netflix.com/title/80189630,"""Nappily Ever After""",nappily_ever_after,71
https://www.netflix.com/title/80245121,"""White Fang""",white_fang,null
https://www.netflix.com/title/80128245,"""Brain on Fire""",brain_on_fire,13
https://www.netflix.com/title/80087352,"""Same Kind of Different as Me""",same_kind_of_different_as_me,33
https://www.netflix.com/title/70172928,"""War Horse""",war_horse,74
https://www.netflix.com/title/80210932,"""22 July""",22_july,80
https://www.netflix.com/title/60031232,"""Mystic River""",mystic_river,88
https://www.netflix.com/title/80044545,"""Beasts of No Nation""",beasts_of_no_nation,92
https://www.netflix.com/title/70267439,"""The Spectacular Now""",the_spectacular_now,91
https://www.netflix.com/title/80093103,"""Palm Trees in the Snow""",palm_trees_in_the_snow,86
https://www.netflix.com/title/70189289,"""Drive""",drive,null
https://www.netflix.com/title/70189289,"""Drive""",drive,null
https://www.netflix.com/title/81189912,"""Drive""",drive,null
https://www.netflix.com/title/81189912,"""Drive""",drive,null
https://www.netflix.com/title/80097349,"""The Fundamentals of Caring""",the_fundamentals_of_caring,77
https://www.netflix.com/title/70121522,"""3 Idiots""",3_idiots,100
https://www.netflix.com/title/80211455,"""Indian Horse""",indian_horse,79
https://www.netflix.com/title/80157072,"""Hold the Dark""",hold_the_dark,70
https://www.netflix.com/title/80175694,"""Mudbound""",mudbound,97
https://www.netflix.com/title/80245076,"""The Last Thing He Wanted""",the_last_thing_he_wanted,5
https://www.netflix.com/title/80049358,"""Steve Jobs""",steve_jobs,100
https://www.netflix.com/title/80041653,"""The Siege of Jadotville""",the_siege_of_jadotville,64
https://www.netflix.com/title/70202136,"""Hugo""",hugo,93
https://www.netflix.com/title/70307659,"""The Hundred-Foot Journey""",the_hundred_foot_journey,67
https://www.netflix.com/title/80049281,"""Secret in Their Eyes""",secret_in_their_eyes,90
https://www.netflix.com/title/70184051,"""One Day""",one_day,42
https://www.netflix.com/title/80039136,"""Immoral Tales""",immoral_tales,50
https://www.netflix.com/title/70209252,"""Killing Them Softly""",killing_them_softly,73
https://www.netflix.com/title/80184676,"""Juanita""",juanita,null
https://www.netflix.com/title/80147760,"""Carrie Pilby""",carrie_pilby,62
https://www.netflix.com/title/70075473,"""There Will Be Blood""",there_will_be_blood,91
https://www.netflix.com/title/80104068,"""Our Souls at Night""",our_souls_at_night,90
https://www.netflix.com/title/60000480,"""Mansfield Park""",mansfield_park,null
https://www.netflix.com/title/80192420,"""Half Girlfriend""",half_girlfriend,22
https://www.netflix.com/title/60022413,"""Eye for an Eye""",eye_for_an_eye,null
https://www.netflix.com/title/70212504,"""Big Miracle""",big_miracle,75
https://www.netflix.com/title/80017171,"""5 Flights Up""",5_flights_up,46
https://www.netflix.com/title/81034600,"""Shadow""",shadow,null
https://www.netflix.com/title/80058477,"""The Danish Girl""",the_danish_girl,67
https://www.netflix.com/title/80116741,"""My Life as a Zucchini""",my_life_as_a_zucchini,99
https://www.netflix.com/title/80188120,"""The Angel""",the_angel,75
https://www.netflix.com/title/80217121,"""The Breadwinner""",the_breadwinner,95
https://www.netflix.com/title/80038159,"""The Stanford Prison Experiment""",the_stanford_prison_experiment,84
https://www.netflix.com/title/80068327,"""War Machine""",war_machine,null
https://www.netflix.com/title/81044813,"""The Secret Life of Pets 2""",the_secret_life_of_pets_2,60
https://www.netflix.com/title/80239482,"""The Willoughbys""",the_willoughbys,89
https://www.netflix.com/title/81005150,"""The Half Of It""",the_half_of_it,96
https://www.netflix.com/title/81073593,"""The Angry Birds Movie 2""",the_angry_birds_movie_2,73
https://www.netflix.com/title/81002412,"""Tall Girl""",tall_girl,44
https://www.netflix.com/title/70021648,"""Charlie and the Chocolate Factory""",charlie_and_the_chocolate_factory,83
https://www.netflix.com/title/81109078,"""How High 2""",how_high_2,null
https://www.netflix.com/title/70021643,"""Fun with Dick & Jane""",fun_with_dick_and_jane,28
https://www.netflix.com/title/80143556,"""The Kissing Booth""",the_kissing_booth,17
https://www.netflix.com/title/70060010,"""Bee Movie""",bee_movie,50
https://www.netflix.com/title/80231419,"""Sextuplets""",sextuplets,14
https://www.netflix.com/title/70020525,"""Richie Rich""",richie_rich,24
https://www.netflix.com/title/70142824,"""Hop""",hop,null
https://www.netflix.com/title/70261364,"""A Haunted House""",a_haunted_house,9
https://www.netflix.com/title/60026155,"""What a Girl Wants""",what_a_girl_wants,35
https://www.netflix.com/title/70044883,"""Nacho Libre""",nacho_libre,39
https://www.netflix.com/title/70060003,"""The Heartbreak Kid""",the_heartbreak_kid,29
https://www.netflix.com/title/70215452,"""Mirror Mirror""",mirror_mirror,null
https://www.netflix.com/title/80039517,"""The Ridiculous 6""",the_ridiculous_6,null
https://www.netflix.com/title/80999781,"""Falling Inn Love""",falling_inn_love,65
https://www.netflix.com/title/60000870,"""Scary Movie""",scary_movie,53
https://www.netflix.com/title/60020949,"""Willy Wonka & the Chocolate Factory""",willy_wonka_and_the_chocolate_factory,91
https://www.netflix.com/title/81019888,"""The Perfect Date""",the_perfect_date,65
https://www.netflix.com/title/70043308,"""Open Season""",open_season,48
https://www.netflix.com/title/60000901,"""How the Grinch Stole Christmas""",how_the_grinch_stole_christmas,50
https://www.netflix.com/title/80209751,"""The Trap""",the_trap,null
https://www.netflix.com/title/81047512,"""Rich in Love""",rich_in_love,67
https://www.netflix.com/title/70028197,"""Chicken Little""",chicken_little,37
https://www.netflix.com/title/70100379,"""Yes Man""",yes_man,46
https://www.netflix.com/title/81252029,"""Ala Vaikunthapurramuloo""",ala_vaikunthapurramuloo,null
https://www.netflix.com/title/60022502,"""It Takes Two""",it_takes_two,null
https://www.netflix.com/title/28631029,"""Stuart Little""",stuart_little,67
https://www.netflix.com/title/70019506,"""Hitch""",hitch,68
https://www.netflix.com/title/80153894,"""How to Be a Latin Lover""",how_to_be_a_latin_lover,39
https://www.netflix.com/title/60020813,"""Scary Movie 2""",scary_movie_2,15
https://www.netflix.com/title/834585,"""Outbreak""",outbreak,59
https://www.netflix.com/title/70259801,"""Olympus Has Fallen""",olympus_has_fallen,49
https://www.netflix.com/title/70235384,"""End of Watch""",end_of_watch,85
https://www.netflix.com/title/70118402,"""Salt""",salt,null
https://www.netflix.com/title/70044594,"""Ghost Rider""",ghost_rider,26
https://www.netflix.com/title/70108777,"""Inglourious Basterds""",inglourious_basterds,89
https://www.netflix.com/title/80167481,"""How It Ends""",how_it_ends,17
https://www.netflix.com/title/70101697,"""Ninja Assassin""",ninja_assassin,25
https://www.netflix.com/title/70118799,"""Ip Man""",ip_man,85
https://www.netflix.com/title/70121092,"""Cop Out""",cop_out,18
https://www.netflix.com/title/771476,"""Monty Python and the Holy Grail""",monty_python_and_the_holy_grail,97
https://www.netflix.com/title/80223052,"""Polar""",polar,null
https://www.netflix.com/title/70301367,"""Jupiter Ascending""",jupiter_ascending,27
https://www.netflix.com/title/80222301,"""Samson""",samson,null
https://www.netflix.com/title/81013927,"""The Decline""",the_decline,89
https://www.netflix.com/title/80226923,"""All Day and a Night""",all_day_and_a_night,56
https://www.netflix.com/title/81127902,"""A Fall from Grace""",a_fall_from_grace,20
https://www.netflix.com/title/60026187,"""Above the Rim""",above_the_rim,53
https://www.netflix.com/title/80244311,"""After""",after,null
https://www.netflix.com/title/70230640,"""Django Unchained""",django_unchained,87
https://www.netflix.com/title/80200571,"""The Highwaymen""",the_highwaymen,57
https://www.netflix.com/title/80174451,"""The Two Popes""",the_two_popes,89
https://www.netflix.com/title/81261846,"""18 Presents""",18_presents,null
https://www.netflix.com/title/70137790,"""Burlesque""",burlesque,36
https://www.netflix.com/title/80208802,"""All The Bright Places""",all_the_bright_places,66
https://www.netflix.com/title/60024038,"""Urban Cowboy""",urban_cowboy,67
https://www.netflix.com/title/70141655,"""For Colored Girls""",for_colored_girls,null
https://www.netflix.com/title/80125671,"""Shot Caller""",shot_caller,68
https://www.netflix.com/title/80095953,"""Greater""",greater,67
https://www.netflix.com/title/80182016,"""The King""",the_king,77
https://www.netflix.com/title/80242926,"""The Princess Switch""",the_princess_switch,75
https://www.netflix.com/title/80204923,"""Benji""",benji,86
https://www.netflix.com/title/281550,"""La Bamba""",la_bamba,90
https://www.netflix.com/title/81078909,"""A Champion Heart""",a_champion_heart,null
https://www.netflix.com/title/60023600,"""Road to Perdition""",road_to_perdition,81
https://www.netflix.com/title/81218076,"""Badland""",badland,50
https://www.netflix.com/title/70044599,"""Gridiron Gang""",gridiron_gang,43
https://www.netflix.com/title/11819345,"""Deep Impact""",deep_impact,45
https://www.netflix.com/title/81024260,"""Uncorked""",uncorked,null
https://www.netflix.com/title/81010254,"""Sprinter""",sprinter,73
https://www.netflix.com/title/80199381,"""Hostiles""",hostiles,72
https://www.netflix.com/title/80131616,"""God Bless the Broken Road""",god_bless_the_broken_road,17
https://www.netflix.com/title/80221446,"""Mary Poppins Returns""",mary_poppins_returns,79
https://www.netflix.com/title/26009364,"""Tarzan""",tarzan,89
https://www.netflix.com/title/80192815,"""Barbie Dolphin Magic""",barbie_dolphin_magic,null
https://www.netflix.com/title/60004509,"""Scooby-Doo on Zombie Island""",scooby_doo_on_zombie_island,86
https://www.netflix.com/title/70032593,"""Corpse Bride""",corpse_bride,84
https://www.netflix.com/title/80015342,"""Song of the Sea""",song_of_the_sea,null
https://www.netflix.com/title/81019938,"""Captain Underpants Epic Choice-o-Rama""",captain_underpants_epic_choice_o_rama,null
https://www.netflix.com/title/70236016,"""Radio Rebel""",radio_rebel,null
https://www.netflix.com/title/70103762,"""Imagine That""",imagine_that,null
https://www.netflix.com/title/80204395,"""Hangman""",hangman,null
https://www.netflix.com/title/70123922,"""The Roommate""",the_roommate,4
https://www.netflix.com/title/80064515,"""The Hateful Eight""",the_hateful_eight,75
https://www.netflix.com/title/81076113,"""Mrs. Serial Killer""",mrs._serial_killer,null
https://www.netflix.com/title/70199239,"""Set Up""",set_up,null
https://www.netflix.com/title/80156306,"""The Assignment""",the_assignment,null
https://www.netflix.com/title/80991158,"""Mirage""",mirage,82
https://www.netflix.com/title/70150473,"""Hunt to Kill""",hunt_to_kill,null
https://www.netflix.com/title/80171678,"""Burn Out""",burn_out,null
https://www.netflix.com/title/81053958,"""Backdraft 2""",backdraft_2,null
https://www.netflix.com/title/81000864,"""Abducted in Plain Sight""",abducted_in_plain_sight,77
https://www.netflix.com/title/81102814,"""Earth and Blood""",earth_and_blood,null
https://www.netflix.com/title/60023071,"""Minority Report""",minority_report,90
https://www.netflix.com/title/80093106,"""The Invisible Guest""",the_invisible_guest,67
https://www.netflix.com/title/80231903,"""In the Shadow of the Moon""",in_the_shadow_of_the_moon,95
https://www.netflix.com/title/60031884,"""Once Upon a Time in the West""",once_upon_a_time_in_the_west,95
https://www.netflix.com/title/80108616,"""Hell or High Water""",hell_or_high_water,97
https://www.netflix.com/title/80991316,"""Avengement""",avengement,83
https://www.netflix.com/title/70042690,"""Alpha Dog""",alpha_dog,54
https://www.netflix.com/title/81000511,"""Revenger""",revenger,40
https://www.netflix.com/title/81154455,"""Article 15""",article_15,89
https://www.netflix.com/title/80099089,"""Skiptrace""",skiptrace,38
https://www.netflix.com/title/80201175,"""Mom""",mom,null
https://www.netflix.com/title/80236341,"""Maria""",maria,null
https://www.netflix.com/title/81112446,"""Badla""",badla,57
https://www.netflix.com/title/81122487,"""Becoming""",becoming,null
https://www.netflix.com/title/80237905,"""In the Tall Grass""",in_the_tall_grass,null
https://www.netflix.com/title/80209024,"""A Secret Love""",a_secret_love,100
https://www.netflix.com/title/80223997,"""Fractured""",fractured,61
https://www.netflix.com/title/80244123,"""Como ca√≠do del cielo""",como_caido_del_cielo,null
https://www.netflix.com/title/80202920,"""Someone Great""",someone_great,82
https://www.netflix.com/title/80202874,"""Always Be My Maybe""",always_be_my_maybe,null
https://www.netflix.com/title/80998968,"""Secret Obsession""",secret_obsession,null
https://www.netflix.com/title/80995284,"""LA Originals""",la_originals,86
https://www.netflix.com/title/80227754,"""Love Wedding Repeat""",love_wedding_repeat,31
https://www.netflix.com/title/80194950,"""Wine Country""",wine_country,66
https://www.netflix.com/title/81018455,"""Rattlesnake""",rattlesnake,28
https://www.netflix.com/title/80999729,"""The Last Summer""",the_last_summer,null
https://www.netflix.com/title/81028336,"""Miss Americana""",miss_americana,92
https://www.netflix.com/title/80207371,"""Close""",close,null
https://www.netflix.com/title/81113920,"""Love Aaj Kal""",love_aaj_kal,17
https://www.netflix.com/title/80231468,"""Holiday in the Wild""",holiday_in_the_wild,43
https://www.netflix.com/title/80183187,"""Klaus""",klaus,94
https://www.netflix.com/title/81241248,"""Always a Bridesmaid""",always_a_bridesmaid,null
https://www.netflix.com/title/81090071,"""American Factory""",american_factory,96
https://www.netflix.com/title/80241136,"""Go Karts""",go_karts,78
https://www.netflix.com/title/70221486,"""Sinister""",sinister,null
https://www.netflix.com/title/80223226,"""A Silent Voice""",a_silent_voice,94
https://www.netflix.com/title/70215438,"""House at the End of the Street""",house_at_the_end_of_the_street,14
https://www.netflix.com/title/70142542,"""Insidious""",insidious,66
https://www.netflix.com/title/60024399,"""Bloodsport""",bloodsport,40
https://www.netflix.com/title/80098200,"""Spectral""",spectral,75
https://www.netflix.com/title/22040803,"""GoldenEye""",goldeneye,78
https://www.netflix.com/title/70113538,"""9""",9,null
https://www.netflix.com/title/81157385,"""Saaho""",saaho,9
https://www.netflix.com/title/70117322,"""From Paris with Love""",from_paris_with_love,38
https://www.netflix.com/title/896678,"""Red Dawn""",red_dawn,46
https://www.netflix.com/title/60024927,"""Die Another Day""",die_another_day,57
https://www.netflix.com/title/80065754,"""Standoff""",standoff,null
https://www.netflix.com/title/80058248,"""I Am Wrath""",i_am_wrath,11
https://www.netflix.com/title/80190283,"""Acts of Vengeance""",acts_of_vengeance,55
https://www.netflix.com/title/70228039,"""Lockout""",lockout,null
https://www.netflix.com/title/80134431,"""The Cloverfield Paradox""",the_cloverfield_paradox,20
https://www.netflix.com/title/17016471,"""Tomorrow Never Dies""",tomorrow_never_dies,57
https://www.netflix.com/title/81075519,"""Furie""",furie,95
https://www.netflix.com/title/80081505,"""MI-5""",mi_5,63
https://www.netflix.com/title/80195901,"""Triple Threat""",triple_threat,null
https://www.netflix.com/title/80039602,"""Skin Trade""",skin_trade,25
https://www.netflix.com/title/846071,"""Patriot Games""",patriot_games,72
https://www.netflix.com/title/70021630,"""Sin City""",sin_city,77
https://www.netflix.com/title/80178280,"""6 Days""",6_days,63
https://www.netflix.com/title/80148162,"""The Night Comes for Us""",the_night_comes_for_us,90
https://www.netflix.com/title/81079723,"""Paradise Beach""",paradise_beach,null
https://www.netflix.com/title/80104648,"""Baaghi""",baaghi,null
https://www.netflix.com/title/80113669,"""Wheelman""",wheelman,88
https://www.netflix.com/title/80159955,"""Force 2""",force_2,55
https://www.netflix.com/title/80177776,"""Naam Shabana""",naam_shabana,22
https://www.netflix.com/title/81127333,"""The Brave""",the_brave,78
https://www.netflix.com/title/80218099,"""Truth or Dare""",truth_or_dare,null
https://www.netflix.com/title/80091879,"""Hush""",hush,null
https://www.netflix.com/title/80043834,"""Sinister 2""",sinister_2,16
https://www.netflix.com/title/60024914,"""The Ring""",the_ring,71
https://www.netflix.com/title/80142100,"""The Girl with All the Gifts""",the_girl_with_all_the_gifts,86
https://www.netflix.com/title/60033108,"""Tremors""",tremors,88
https://www.netflix.com/title/81004223,"""Terrifier""",terrifier,69
https://www.netflix.com/title/70270388,"""Would You Rather""",would_you_rather,59
https://www.netflix.com/title/80022613,"""The Autopsy of Jane Doe""",the_autopsy_of_jane_doe,86
https://www.netflix.com/title/80199767,"""Cult of Chucky""",cult_of_chucky,78
https://www.netflix.com/title/80103336,"""The Bye Bye Man""",the_bye_bye_man,18
https://www.netflix.com/title/80109295,"""Veronica""",veronica,90
https://www.netflix.com/title/347365,"""Candyman""",candyman,74
https://www.netflix.com/title/80037280,"""The Witch""",the_witch,null
https://www.netflix.com/title/80002667,"""Before I Wake""",before_i_wake,63
https://www.netflix.com/title/81038598,"""The Influence""",the_influence,null
https://www.netflix.com/title/80049282,"""The Forest""",the_forest,null
https://www.netflix.com/title/70042687,"""Final Destination 3""",final_destination_3,43
https://www.netflix.com/title/80161216,"""Cargo""",cargo,null
https://www.netflix.com/title/70293315,"""The Green Inferno""",the_green_inferno,38
https://www.netflix.com/title/81003460,"""House of the Witch""",house_of_the_witch,null
https://www.netflix.com/title/80198661,"""The Open House""",the_open_house,15
https://www.netflix.com/title/81082119,"""Girl on the Third Floor""",girl_on_the_third_floor,81
https://www.netflix.com/title/81021831,"""Sabrina""",sabrina,null
https://www.netflix.com/title/80097516,"""Friend Request""",friend_request,16
https://www.netflix.com/title/70021631,"""The Amityville Horror""",the_amityville_horror,27
https://www.netflix.com/title/80158148,"""Apostle""",apostle,90
https://www.netflix.com/title/80087354,"""Emelie""",emelie,88
https://www.netflix.com/title/60020865,"""Killer Klowns from Outer Space""",killer_klowns_from_outer_space,78
https://www.netflix.com/title/70113006,"""The Final Destination""",the_final_destination,29
https://www.netflix.com/title/80048977,"""The Invitation""",the_invitation,88
https://www.netflix.com/title/60000393,"""Final Destination""",final_destination,35
https://www.netflix.com/title/80211638,"""The Perfection""",the_perfection,73
https://www.netflix.com/title/60026114,"""Final Destination 2""",final_destination_2,48
https://www.netflix.com/title/81024557,"""Thriller""",thriller,null
https://www.netflix.com/title/70082268,"""Cloverfield""",cloverfield,77
https://www.netflix.com/title/80220228,"""Malicious""",malicious,null
https://www.netflix.com/title/80177400,"""Cam""",cam,93
https://www.netflix.com/title/80174959,"""It Comes at Night""",it_comes_at_night,87
https://www.netflix.com/title/80244532,"""Wildling""",wildling,70
https://www.netflix.com/title/80100772,"""13 Cameras""",13_cameras,77
https://www.netflix.com/title/81015317,"""Tales From the Hood 2""",tales_from_the_hood_2,75
https://www.netflix.com/title/80139506,"""Little Evil""",little_evil,92
https://www.netflix.com/title/81031738,"""Freaks""",freaks,94
https://www.netflix.com/title/563104,"""Groundhog Day""",groundhog_day,96
https://www.netflix.com/title/80023689,"""Ex Machina""",ex_machina,92
https://www.netflix.com/title/80104316,"""The Edge of Seventeen""",the_edge_of_seventeen,94
https://www.netflix.com/title/60036750,"""Kabhi Khushi Kabhie Gham""",kabhi_khushi_kabhie_gham,100
https://www.netflix.com/title/80240715,"""ROMA""",roma,95
https://www.netflix.com/title/80166185,"""Dangal""",dangal,88
https://www.netflix.com/title/1181488,"""As Good as It Gets""",as_good_as_it_gets,85
https://www.netflix.com/title/80227090,"""I Am Mother""",i_am_mother,90
https://www.netflix.com/title/80200267,"""The Ballad of Buster Scruggs""",the_ballad_of_buster_scruggs,91
https://www.netflix.com/title/80057578,"""The Little Prince""",the_little_prince,null
https://www.netflix.com/title/60025061,"""The Pianist""",the_pianist,null
https://www.netflix.com/title/80194610,"""Monster Family""",monster_family,10
https://www.netflix.com/title/60022058,"""Stuart Little 2""",stuart_little_2,81
https://www.netflix.com/title/70026432,"""Tarzan 2""",tarzan_2,33
https://www.netflix.com/title/80195962,"""Duck Duck Goose""",duck_duck_goose,null
https://www.netflix.com/title/70121502,"""The Adventures of Tintin""",the_adventures_of_tintin,74
https://www.netflix.com/title/81021976,"""The Spooky Tale of Captain Underpants Hack-a-ween""",the_spooky_tale_of_captain_underpants_hack_a_ween,null
https://www.netflix.com/title/80161029,"""Sahara""",sahara,null
https://www.netflix.com/title/70202138,"""Arthur Christmas""",arthur_christmas,92
https://www.netflix.com/title/70304298,"""Silent""",silent,null
https://www.netflix.com/title/80147321,"""Below Her Mouth""",below_her_mouth,22
https://www.netflix.com/title/70044867,"""Failure to Launch""",failure_to_launch,24
https://www.netflix.com/title/80142058,"""Naked""",naked,null
https://www.netflix.com/title/70261674,"""About Time""",about_time,68
https://www.netflix.com/title/70139386,"""Country Strong""",country_strong,22
https://www.netflix.com/title/81043813,"""Love Jacked""",love_jacked,22
https://www.netflix.com/title/70039185,"""Just Friends""",just_friends,42
https://www.netflix.com/title/81273583,"""Bheeshma""",bheeshma,null
https://www.netflix.com/title/80184100,"""Set It Up""",set_it_up,92
https://www.netflix.com/title/80239639,"""Sierra Burgess Is a Loser""",sierra_burgess_is_a_loser,61
https://www.netflix.com/title/60036752,"""Kuch Kuch Hota Hai""",kuch_kuch_hota_hai,null
https://www.netflix.com/title/60036235,"""Sleepover""",sleepover,15
https://www.netflix.com/title/60029387,"""For Love or Money""",for_love_or_money,null
https://www.netflix.com/title/80108983,"""Be Somebody""",be_somebody,null
https://www.netflix.com/title/70105370,"""The Invention of Lying""",the_invention_of_lying,56
https://www.netflix.com/title/70101700,"""Ghosts of Girlfriends Past""",ghosts_of_girlfriends_past,27
https://www.netflix.com/title/80113589,"""Amar""",amar,null
https://www.netflix.com/title/81107545,"""Kabir Singh""",kabir_singh,25
https://www.netflix.com/title/81016192,"""Qarib Qarib Singlle""",qarib_qarib_singlle,88
https://www.netflix.com/title/80057969,"""Love""",love,60
https://www.netflix.com/title/80117531,"""When We First Met""",when_we_first_met,43
https://www.netflix.com/title/80160759,"""A Christmas Prince""",a_christmas_prince,73
https://www.netflix.com/title/80172958,"""Newness""",newness,69
https://www.netflix.com/title/81273582,"""Varane Avashyamund""",varane_avashyamund,null
https://www.netflix.com/title/81273579,"""World Famous Lover""",world_famous_lover,null
https://www.netflix.com/title/80178720,"""Kiss & Cry""",kiss_and_cry,null
https://www.netflix.com/title/70278933,"""Her""",her,95
https://www.netflix.com/title/70041162,"""Click""",click,33
https://www.netflix.com/title/70142827,"""Limitless""",limitless,69
https://www.netflix.com/title/60027695,"""The Matrix Reloaded""",the_matrix_reloaded,73
https://www.netflix.com/title/11819467,"""Godzilla""",godzilla,16
https://www.netflix.com/title/70103524,"""Terminator Salvation""",terminator_salvation,33
https://www.netflix.com/title/81023636,"""Time Trap""",time_trap,60
https://www.netflix.com/title/60031303,"""The Matrix Revolutions""",the_matrix_revolutions,35
https://www.netflix.com/title/80021840,"""Selfless""",selfless,null
https://www.netflix.com/title/80097424,"""The Space Between Us""",the_space_between_us,16
https://www.netflix.com/title/80189853,"""Beyond Skyline""",beyond_skyline,63
https://www.netflix.com/title/70287957,"""Earth to Echo""",earth_to_echo,51
https://www.netflix.com/title/60004471,"""Evolution""",evolution,null
https://www.netflix.com/title/80148210,"""The Titan""",the_titan,18
https://www.netflix.com/title/81232370,"""Dark Light""",dark_light,null
https://www.netflix.com/title/60033300,"""Miracle""",miracle,81
https://www.netflix.com/title/81108479,"""Back of the Net""",back_of_the_net,50
https://www.netflix.com/title/80245601,"""DJ Cinderella""",dj_cinderella,null
https://www.netflix.com/title/80102579,"""Full Out""",full_out,null
https://www.netflix.com/title/80223928,"""Malibu Rescue""",malibu_rescue,null
https://www.netflix.com/title/80199682,"""The Christmas Chronicles""",the_christmas_chronicles,65
https://www.netflix.com/title/81206418,"""Full Count""",full_count,null
https://www.netflix.com/title/70292700,"""The Boy Who Cried Werewolf""",the_boy_who_cried_werewolf,null
https://www.netflix.com/title/80187107,"""Raising the Bar""",raising_the_bar,null
https://www.netflix.com/title/70184054,"""Johnny English Reborn""",johnny_english_reborn,38
https://www.netflix.com/title/70305955,"""Dolphin Tale 2""",dolphin_tale_2,65
https://www.netflix.com/title/81214187,"""Jinxed""",jinxed,null
https://www.netflix.com/title/81128579,"""The Platform""",the_platform,82
https://www.netflix.com/title/81103092,"""Running Out of Time""",running_out_of_time,null
https://www.netflix.com/title/81172895,"""93 Days""",93_days,null
https://www.netflix.com/title/81113927,"""Pihu""",pihu,67
https://www.netflix.com/title/80123777,"""Mine""",mine,81
https://www.netflix.com/title/80155477,"""You Get Me""",you_get_me,null
https://www.netflix.com/title/80240537,"""The Red Sea Diving Resort""",the_red_sea_diving_resort,30
https://www.netflix.com/title/18907685,"""Taxi Driver""",taxi_driver,97
https://www.netflix.com/title/81044248,"""Kidnapping Stella""",kidnapping_stella,null
https://www.netflix.com/title/81158163,"""Get In""",get_in,null
https://www.netflix.com/title/81145277,"""Fanatic""",fanatic,null
https://www.netflix.com/title/80155475,"""Message from the King""",message_from_the_king,45
https://www.netflix.com/title/81266458,"""Time to Hunt""",time_to_hunt,67
https://www.netflix.com/title/80187360,"""The Killing of a Sacred Deer""",the_killing_of_a_sacred_deer,79
https://www.netflix.com/title/81221656,"""The Plagues of Breslau""",the_plagues_of_breslau,80
https://www.netflix.com/title/81218079,"""Awake""",awake,24
https://www.netflix.com/title/81039381,"""Andhadhun""",andhadhun,100
https://www.netflix.com/title/81278143,"""Psycho""",psycho,96
https://www.netflix.com/title/80044834,"""Lila & Eve""",lila_and_eve,40
https://www.netflix.com/title/81030976,"""An Affair to Die For""",an_affair_to_die_for,null
https://www.netflix.com/title/80099016,"""iBOY""",iboy,69
https://www.netflix.com/title/80216758,"""See You Yesterday""",see_you_yesterday,95
